0.jpg;A
1.jpg;A
2.jpg;A
3.jpg;A
4.jpg;À
5.jpg;À
6.jpg;À
7.jpg;À
8.jpg;À
9.jpg;À
10.jpg;À
11.jpg;À
12.jpg;À
13.jpg;B
14.jpg;B
15.jpg;B
16.jpg;B
17.jpg;CH
18.jpg;CH
19.jpg;CH
20.jpg;CH
21.jpg;D
22.jpg;D
23.jpg;D
24.jpg;D
25.jpg;E
26.jpg;E
27.jpg;E
28.jpg;E
29.jpg;È
30.jpg;È
31.jpg;È
32.jpg;È
33.jpg;È
34.jpg;È
35.jpg;È
36.jpg;È
37.jpg;È
38.jpg;Ẹ
39.jpg;Ẹ
40.jpg;Ẹ
41.jpg;Ẹ
42.jpg;Ệ
43.jpg;Ệ
44.jpg;Ệ
45.jpg;Ệ
46.jpg;Ệ
47.jpg;Ệ
48.jpg;G
49.jpg;G
50.jpg;G
51.jpg;G
52.jpg;G
53.jpg;H
54.jpg;H
55.jpg;H
56.jpg;H
57.jpg;I
58.jpg;I
59.jpg;I
60.jpg;I
61.jpg;Ò
62.jpg;Ò
63.jpg;Ò
64.jpg;Ò
65.jpg;Ò
66.jpg;Ò
67.jpg;Ò
68.jpg;P
69.jpg;P
70.jpg;P
71.jpg;P
72.jpg;R
73.jpg;R
74.jpg;R
75.jpg;R
76.jpg;S
77.jpg;S
78.jpg;S
79.jpg;S
80.jpg;T
81.jpg;T
82.jpg;T
83.jpg;T
84.jpg;U
85.jpg;U
86.jpg;U
87.jpg;U
88.jpg;Ù
89.jpg;Ù
90.jpg;Ù
91.jpg;Ú
92.jpg;Ú
93.jpg;Ú
94.jpg;Ú
95.jpg;Ú
96.jpg;Ú
97.jpg;Ú
98.jpg;Ú
99.jpg;Ú
100.jpg;Ú
101.jpg;Ụ
102.jpg;Ụ
103.jpg;Ụ
104.jpg;Ụ
105.jpg;Ù
106.jpg;Ù
107.jpg;V
108.jpg;V
109.jpg;V
110.jpg;W
111.jpg;W
112.jpg;W
113.jpg;W
114.jpg;Y
115.jpg;Y
116.jpg;Y
117.jpg;Z
118.jpg;Z
119.jpg;Z
120.jpg;Ì
121.jpg;Ì
122.jpg;Ì
123.jpg;Ì
124.jpg;Ì
125.jpg;Ì
126.jpg;Ì
127.jpg;Ị
128.jpg;Ị
129.jpg;Ị
130.jpg;Ị
131.jpg;Ì
132.jpg;Ì
133.jpg;Ì
134.jpg;Í
135.jpg;Í
136.jpg;Í
137.jpg;Í
138.jpg;J
139.jpg;J
140.jpg;J
141.jpg;J
142.jpg;K
143.jpg;K
144.jpg;K
145.jpg;K
146.jpg;M
147.jpg;M
148.jpg;M
149.jpg;M
150.jpg;N
151.jpg;N
152.jpg;N
153.jpg;N
154.jpg;NG
155.jpg;NG
156.jpg;NG
157.jpg;NG
158.jpg;NY
159.jpg;NY
160.jpg;NY
161.jpg;NY
162.jpg;O
163.jpg;O
164.jpg;O
165.jpg;Ò
166.jpg;Ò
167.jpg;Ò